name,waves,concurrency,prompt_min,prompt_max,prefill_tps_median,decode_tps_median,fully_overlapped_decode_tps,ttft_s_median,batch_wall_s_median,mtp_acceptance,preemptions
phase-512-c1,5,1,479,507,1267.6426572521425,48.71382492093695,48.65787869514455,0.389785119,21.390708669,0.5572943835854633,0.0
phase-2k-c1,5,1,1992,2047,2050.6226956465243,48.359124159109776,48.21007267964791,0.980758565,22.142830408,0.5683579985905567,0.0
phase-4k-c1,5,1,4052,4094,1923.529838666272,47.165046482350874,46.92671554921083,2.124426097,23.815517823,0.5461723309303124,0.0
phase-8k-c1,5,1,8167,8186,1874.6304036469587,45.590661017970895,46.03696364380252,4.36205585,26.804435796,0.5418803418803418,0.0
phase-16k-c1,5,1,16335,16379,1794.5083957740171,46.40392498466584,45.76692430758679,9.113743391000002,31.14887779,0.5731987962471233,0.0
phase-32k-c1,5,1,32704,32762,1651.7330396603716,42.731512639624825,42.02080450705593,19.812198853,43.763966977,0.5568893528183716,0.0
phase-64k-c1,3,1,65491,65532,1434.6926318946414,37.58606816112523,37.15534199800237,45.666477558,72.871386255,0.5588491717523976,0.0
phase-128k-c1,3,1,131034,131070,1136.2083697206529,28.336241792012917,29.286543398080727,115.349142544,151.449078227,0.5411329348135496,0.0
concurrency-2k-c2,3,2,1994,2048,658.2018906729949,39.559429938923714,78.90624971118636,3.0761220355,28.970020302,0.5543996532293021,0.0
concurrency-2k-c3,3,3,2000,2045,510.7193914407776,36.45717932806138,110.33329199449018,3.5522880900000002,33.04631684,0.5704204645692443,0.0
concurrency-2k-c4,3,4,1998,2047,482.5165443202233,30.94120130533681,126.99217980989452,5.088026056,39.914480502,0.5858381935097952,0.0
concurrency-4k-c2,3,2,4031,4096,894.8499500441081,38.22097646481021,78.85918074899483,4.557402328,31.724689544,0.5657452098873775,0.0
concurrency-4k-c3,3,3,4043,4091,782.5649332151216,32.723885812942726,107.53008954398433,6.490343243,39.146719012,0.5668522316632484,0.0
concurrency-4k-c4,3,4,4034,4096,733.935959341833,26.573946395905356,117.91968039510832,8.1208078845,48.019839489,0.5412752633077142,0.0
concurrency-16k-c2,3,2,16315,16377,1297.6409959887967,30.945668680120722,73.41826684100107,15.975225359500001,50.549044359,0.577293611975693,0.0
concurrency-16k-c3,3,3,16338,16383,1111.7143632544294,22.57372513257177,92.47590728856262,22.310907462,71.22027274,0.5388620657010319,0.0
concurrency-16k-c4,3,4,16319,16383,1105.8149061484933,18.19381088375487,105.99783362032792,29.802493662999996,87.420739946,0.5619900932400932,0.0
prefix-16k-cold-warm,3,1,16382,16382,1790.0941813328322,51.64499632187611,50.536468008601396,9.151938639,28.960329817,0.66796875,0.0
prefix-64k-cold-warm,3,1,65469,65469,1432.8671582650647,37.202236503762755,37.154183674366074,45.692575204,73.191196433,0.5594303981400756,0.0
full-context-199680,1,1,199673,199673,931.5171896190773,25.135239202436203,25.11409592100404,214.35755288700003,255.058249896,0.5696649029982364,0.0
